{
  "version": "19.0.0",
  "files": {
    "ec54153894c9de1aaaf3b96570edf2cc41fe458d0789bcda615400d350df77b6": {
      "source": {
        "path": "asset.ec54153894c9de1aaaf3b96570edf2cc41fe458d0789bcda615400d350df77b6",
        "packaging": "zip"
      },
      "destinations": {
        "current_account-current_region": {
          "bucketName": "cdk-hnb659fds-assets-${AWS::AccountId}-${AWS::Region}",
          "objectKey": "ec54153894c9de1aaaf3b96570edf2cc41fe458d0789bcda615400d350df77b6.zip",
          "assumeRoleArn": "arn:${AWS::Partition}:iam::${AWS::AccountId}:role/cdk-hnb659fds-file-publishing-role-${AWS::AccountId}-${AWS::Region}"
        }
      }
    },
    "b56f143890809212324791e6fb5a46283502b8b9f944dec17d64d7c2677d705a": {
      "source": {
        "path": "CdkTsStack.template.json",
        "packaging": "file"
      },
      "destinations": {
        "current_account-current_region": {
          "bucketName": "cdk-hnb659fds-assets-${AWS::AccountId}-${AWS::Region}",
          "objectKey": "b56f143890809212324791e6fb5a46283502b8b9f944dec17d64d7c2677d705a.json",
          "assumeRoleArn": "arn:${AWS::Partition}:iam::${AWS::AccountId}:role/cdk-hnb659fds-file-publishing-role-${AWS::AccountId}-${AWS::Region}"
        }
      }
    }
  },
  "dockerImages": {}
}